{
    "load": {
        "avgLoad": 0,
        "currentLoad": 38.797171163752324,
        "currentLoadUser": 22.897652463493248,
        "currentLoadSystem": 15.11395422941332,
        "currentLoadNice": 0,
        "currentLoadIdle": 61.20282883624767,
        "currentLoadIrq": 0.7855644708457568,
        "currentLoadSteal": 0,
        "currentLoadGuest": 0,
        "rawCurrentLoad": 8626390,
        "rawCurrentLoadUser": 5091198,
        "rawCurrentLoadSystem": 3360525,
        "rawCurrentLoadNice": 0,
        "rawCurrentLoadIdle": 13608195,
        "rawCurrentLoadIrq": 174667,
        "rawCurrentLoadSteal": 0,
        "rawCurrentLoadGuest": 0,
        "cpus": [
            {
                "load": 17.755474294803633,
                "loadUser": 8.182122058259925,
                "loadSystem": 8.90136616037184,
                "loadNice": 0,
                "loadIdle": 82.24452570519637,
                "loadIrq": 0.6719860761718693,
                "loadSteal": 0,
                "loadGuest": 0,
                "rawLoad": 246468,
                "rawLoadUser": 113578,
                "rawLoadSystem": 123562,
                "rawLoadNice": 0,
                "rawLoadIdle": 1141656,
                "rawLoadIrq": 9328,
                "rawLoadSteal": 0,
                "rawLoadGuest": 0
            },
            {
                "load": 16.137403818844458,
                "loadUser": 8.93311276800097,
                "loadSystem": 6.844101792490806,
                "loadNice": 0,
                "loadIdle": 83.86259618115554,
                "loadIrq": 0.3601892583526834,
                "loadSteal": 0,
                "loadGuest": 0,
                "rawLoad": 223296,
                "rawLoadUser": 123609,
                "rawLoadSystem": 94703,
                "rawLoadNice": 0,
                "rawLoadIdle": 1160421,
                "rawLoadIrq": 4984,
                "rawLoadSteal": 0,
                "rawLoadGuest": 0
            },
            {
                "load": 56.90171017267275,
                "loadUser": 26.199678383114616,
                "loadSystem": 28.24469767234555,
                "loadNice": 0,
                "loadIdle": 43.09828982732725,
                "loadIrq": 2.4573341172125875,
                "loadSteal": 0,
                "loadGuest": 0,
                "rawLoad": 804296,
                "rawLoadUser": 370328,
                "rawLoadSystem": 399234,
                "rawLoadNice": 0,
                "rawLoadIdle": 609187,
                "rawLoadIrq": 34734,
                "rawLoadSteal": 0,
                "rawLoadGuest": 0
            },
            {
                "load": 48.69804852301789,
                "loadUser": 27.062070704068603,
                "loadSystem": 20.377103644060455,
                "loadNice": 0,
                "loadIdle": 51.30195147698211,
                "loadIrq": 1.2588741748888335,
                "loadSteal": 0,
                "loadGuest": 0,
                "rawLoad": 679984,
                "rawLoadUser": 377875,
                "rawLoadSystem": 284531,
                "rawLoadNice": 0,
                "rawLoadIdle": 716343,
                "rawLoadIrq": 17578,
                "rawLoadSteal": 0,
                "rawLoadGuest": 0
            },
            {
                "load": 28.882893946029643,
                "loadUser": 17.568758058360025,
                "loadSystem": 10.791041448560335,
                "loadNice": 0,
                "loadIdle": 71.11710605397036,
                "loadIrq": 0.523094439109282,
                "loadSteal": 0,
                "loadGuest": 0,
                "rawLoad": 400312,
                "rawLoadUser": 243500,
                "rawLoadSystem": 149562,
                "rawLoadNice": 0,
                "rawLoadIdle": 985671,
                "rawLoadIrq": 7250,
                "rawLoadSteal": 0,
                "rawLoadGuest": 0
            },
            {
                "load": 29.383432107341722,
                "loadUser": 18.189485785424868,
                "loadSystem": 10.755041662725095,
                "loadNice": 0,
                "loadIdle": 70.61656789265828,
                "loadIrq": 0.4389046591917597,
                "loadSteal": 0,
                "loadGuest": 0,
                "rawLoad": 406905,
                "rawLoadUser": 251890,
                "rawLoadSystem": 148937,
                "rawLoadNice": 0,
                "rawLoadIdle": 977906,
                "rawLoadIrq": 6078,
                "rawLoadSteal": 0,
                "rawLoadGuest": 0
            },
            {
                "load": 46.83597964328975,
                "loadUser": 29.581789222689487,
                "loadSystem": 16.48617155803973,
                "loadNice": 0,
                "loadIdle": 53.16402035671025,
                "loadIrq": 0.768018862560538,
                "loadSteal": 0,
                "loadGuest": 0,
                "rawLoad": 650748,
                "rawLoadUser": 411015,
                "rawLoadSystem": 229062,
                "rawLoadNice": 0,
                "rawLoadIdle": 738671,
                "rawLoadIrq": 10671,
                "rawLoadSteal": 0,
                "rawLoadGuest": 0
            },
            {
                "load": 47.4462583475446,
                "loadUser": 30.55239149182663,
                "loadSystem": 16.228584932236203,
                "loadNice": 0,
                "loadIdle": 52.5537416524554,
                "loadIrq": 0.6652819234817717,
                "loadSteal": 0,
                "loadGuest": 0,
                "rawLoad": 658546,
                "rawLoadUser": 424062,
                "rawLoadSystem": 225250,
                "rawLoadNice": 0,
                "rawLoadIdle": 729437,
                "rawLoadIrq": 9234,
                "rawLoadSteal": 0,
                "rawLoadGuest": 0
            },
            {
                "load": 38.499400235583146,
                "loadUser": 23.499742443508676,
                "loadSystem": 14.328786170477182,
                "loadNice": 0,
                "loadIdle": 61.50059976441686,
                "loadIrq": 0.6708716215972824,
                "loadSteal": 0,
                "loadGuest": 0,
                "rawLoad": 534389,
                "rawLoadUser": 326187,
                "rawLoadSystem": 198890,
                "rawLoadNice": 0,
                "rawLoadIdle": 853656,
                "rawLoadIrq": 9312,
                "rawLoadSteal": 0,
                "rawLoadGuest": 0
            },
            {
                "load": 40.13347641398834,
                "loadUser": 24.4058005204415,
                "loadSystem": 14.891560303173716,
                "loadNice": 0,
                "loadIdle": 59.86652358601165,
                "loadIrq": 0.8361155903731269,
                "loadSteal": 0,
                "loadGuest": 0,
                "rawLoad": 557999,
                "rawLoadUser": 339328,
                "rawLoadSystem": 207046,
                "rawLoadNice": 0,
                "rawLoadIdle": 832359,
                "rawLoadIrq": 11625,
                "rawLoadSteal": 0,
                "rawLoadGuest": 0
            },
            {
                "load": 53.653443925882094,
                "loadUser": 32.48104882690747,
                "loadSystem": 20.305131322659946,
                "loadNice": 0,
                "loadIdle": 46.346556074117906,
                "loadIrq": 0.8672637763146825,
                "loadSteal": 0,
                "loadGuest": 0,
                "rawLoad": 746218,
                "rawLoadUser": 451750,
                "rawLoadSystem": 282406,
                "rawLoadNice": 0,
                "rawLoadIdle": 644593,
                "rawLoadIrq": 12062,
                "rawLoadSteal": 0,
                "rawLoadGuest": 0
            },
            {
                "load": 55.065030581248834,
                "loadUser": 34.032371002110715,
                "loadSystem": 20.25342964081875,